Week,Level,Title,Theme
1,See app,data.js,Complete module included
2,See app,data.js,Complete module included
3,See app,data.js,Complete module included
4,See app,data.js,Complete module included
5,See app,data.js,Complete module included
6,See app,data.js,Complete module included
7,See app,data.js,Complete module included
8,See app,data.js,Complete module included
9,See app,data.js,Complete module included
10,See app,data.js,Complete module included
11,See app,data.js,Complete module included
12,See app,data.js,Complete module included
13,See app,data.js,Complete module included
14,See app,data.js,Complete module included
15,See app,data.js,Complete module included
16,See app,data.js,Complete module included